scale,response_variable,predictor,slope,chisq,p_value_chisq,r2_partial,r2m,r2c
1e-4,alien,Climate PC,-3.8978045920162905,9.50187092270912,0.0020526249561281,NA,0.8844636446732951,0.8844636446732951
1e-4,alien,Soil pH,-0.5437497471553816,1.8519503150783216,0.17355673145439032,NA,0.8844636446732951,0.8844636446732951
1e-4,alien,Heat index,2.4368874741132913,1.8871038906135085,0.16952893602022678,NA,0.8844636446732951,0.8844636446732951
1e-4,alien,Microrelief,0.03348003183904196,0.6443298498625841,0.42214723109782193,NA,0.8844636446732951,0.8844636446732951
1e-4,alien,Gravel & stone cover,0.8835864941710194,0.23864787748150543,0.6251843989186703,NA,0.8844636446732951,0.8844636446732951
1e-4,alien,Herb cover,1.1441490344345977,1.7991316339988588,0.17981751155501408,NA,0.8844636446732951,0.8844636446732951
1e-4,alien,Litter cover,0.646928352389197,0.38848939540567096,0.5330945101952522,NA,0.8844636446732951,0.8844636446732951
1e-4,alien,Grazing,0.09852567120878,0.03969623146586147,0.8420756905872151,NA,0.8844636446732951,0.8844636446732951
1e-4,alien,Mowing,0.4666789208023056,0.23537968576499785,0.6275632482646324,NA,0.8844636446732951,0.8844636446732951
1e-4,alien,Abandonment,-0.17112559843143307,0.03697045524973238,0.8475252121618694,NA,0.8844636446732951,0.8844636446732951
1e-4,alien,Croplands cover (250 m),0.34317104734668846,1.0167061155620072,0.3133016039672667,1.44634727196742e-5,0.8846698192198197,0.8846698192198197
1e-4,alien,Urban built-up (250 m),0.8355271082346614,8.086630295932624,0.00445929979573288,8.421384124664483e-5,0.8846698192198197,0.8846698192198197
1e-4,alien,Croplands cover (500 m),0.36927343041980865,0.9938633169776216,0.3187999757031894,NA,0.8844636446732951,0.8844636446732951
1e-4,alien,Urban built-up (500 m),0.7124457554289672,6.827902707401331,0.00897445836398772,NA,0.8844636446732951,0.8844636446732951
1e-4,alien,Croplands cover (1000 m),-0.17358519717213558,0.1990518600190301,0.6554872481435682,1.890169879084199e-4,0.7886532874902217,0.9316765971297796
1e-4,alien,Urban built-up (1000 m),1.1360729318093112,11.402424545606026,7.334831532176803e-4,0.00643540264590438,0.7886532874902217,0.9316765971297796
1e-4,alien,Road density,0.2910665951230707,6.120365957180526,0.01336331327848462,0.00751067015925487,0.4019112090625609,0.7733786102912082
1e-4,alien,Disturbance frequency,4.051756059108725,59.00209824811932,1.5750392294619178e-14,0.04313788387663841,0.4019112090625609,0.7733786102912082
1e-4,alien,Disturbance severity,27.562712860272953,164.1790771165923,1.3824244602377452e-37,0.05275909147039913,0.4019112090625609,0.7733786102912082
1e-4,archaeophyte,Climate PC,-3.8978045920162905,9.50187092270912,0.0020526249561281,NA,0.8844636446732951,0.8844636446732951
1e-4,archaeophyte,Soil pH,-0.5437497471553816,1.8519503150783216,0.17355673145439032,NA,0.8844636446732951,0.8844636446732951
1e-4,archaeophyte,Heat index,2.4368874741132913,1.8871038906135085,0.16952893602022678,NA,0.8844636446732951,0.8844636446732951
1e-4,archaeophyte,Microrelief,0.03348003183904196,0.6443298498625841,0.42214723109782193,NA,0.8844636446732951,0.8844636446732951
1e-4,archaeophyte,Gravel & stone cover,0.8835864941710194,0.23864787748150543,0.6251843989186703,NA,0.8844636446732951,0.8844636446732951
1e-4,archaeophyte,Herb cover,1.1441490344345977,1.7991316339988588,0.17981751155501408,NA,0.8844636446732951,0.8844636446732951
1e-4,archaeophyte,Litter cover,0.646928352389197,0.38848939540567096,0.5330945101952522,NA,0.8844636446732951,0.8844636446732951
1e-4,archaeophyte,Grazing,0.09852567120878,0.03969623146586147,0.8420756905872151,NA,0.8844636446732951,0.8844636446732951
1e-4,archaeophyte,Mowing,0.4666789208023056,0.23537968576499785,0.6275632482646324,NA,0.8844636446732951,0.8844636446732951
1e-4,archaeophyte,Abandonment,-0.17112559843143307,0.03697045524973238,0.8475252121618694,NA,0.8844636446732951,0.8844636446732951
1e-4,archaeophyte,Croplands cover (250 m),0.34317104734668846,1.0167061155620072,0.3133016039672667,1.44634727196742e-5,0.8846698192198197,0.8846698192198197
1e-4,archaeophyte,Urban built-up (250 m),0.8355271082346614,8.086630295932624,0.00445929979573288,8.421384124664483e-5,0.8846698192198197,0.8846698192198197
1e-4,archaeophyte,Croplands cover (500 m),0.36927343041980865,0.9938633169776216,0.3187999757031894,NA,0.8844636446732951,0.8844636446732951
1e-4,archaeophyte,Urban built-up (500 m),0.7124457554289672,6.827902707401331,0.00897445836398772,NA,0.8844636446732951,0.8844636446732951
1e-4,archaeophyte,Croplands cover (1000 m),-0.17358519717213558,0.1990518600190301,0.6554872481435682,1.890169879084199e-4,0.7886532874902217,0.9316765971297796
1e-4,archaeophyte,Urban built-up (1000 m),1.1360729318093112,11.402424545606026,7.334831532176803e-4,0.00643540264590438,0.7886532874902217,0.9316765971297796
1e-4,archaeophyte,Road density,0.2910665951230707,6.120365957180526,0.01336331327848462,0.00751067015925487,0.4019112090625609,0.7733786102912082
1e-4,archaeophyte,Disturbance frequency,4.051756059108725,59.00209824811932,1.5750392294619178e-14,0.04313788387663841,0.4019112090625609,0.7733786102912082
1e-4,archaeophyte,Disturbance severity,27.562712860272953,164.1790771165923,1.3824244602377452e-37,0.05275909147039913,0.4019112090625609,0.7733786102912082
0.001,alien,Climate PC,-2.9886876852800253,13.19331875976064,2.809489272723105e-4,0.07192457167817014,0.7834691273727394,0.7920617391750312
0.001,alien,Soil pH,-0.3955214347412791,1.822444654968139,0.17702255814189333,0.00194485685214482,0.7834691273727394,0.7920617391750312
0.001,alien,Heat index,0.9410094071763276,0.5356544765297279,0.4642392530363922,2.6018487956094974e-5,0.7834691273727394,0.7920617391750312
0.001,alien,Microrelief,0.03117806917376198,0.8734384382077102,0.350005159141655,2.164674925369566e-4,0.7834691273727394,0.7920617391750312
0.001,alien,Gravel & stone cover,1.2758718130869826,0.990957589433582,0.31950844385295113,0.00449835098823901,0.7834691273727394,0.7920617391750312
0.001,alien,Herb cover,0.9229640168997064,2.145982546019279,0.14294349617264707,3.7447094661369966e-5,0.7834691273727394,0.7920617391750312
0.001,alien,Litter cover,1.384083521328274,4.195592931597187,0.04052917779937544,8.286640085408514e-4,0.7834691273727394,0.7920617391750312
0.001,alien,Grazing,0.03857974835776923,0.01083690262902306,0.917089637796232,2.052557187986033e-5,0.7834691273727394,0.7920617391750312
0.001,alien,Mowing,0.14005645818416224,0.03168213418941133,0.8587270918232003,0.0019399744670578,0.7834691273727394,0.7920617391750312
0.001,alien,Abandonment,-0.2667874999245303,0.1843852438045207,0.6676314049941942,4.280242015902755e-4,0.7834691273727394,0.7920617391750312
0.001,alien,Croplands cover (250 m),-0.11095843627664367,0.27351743098126946,0.6009819501267392,7.25544927195925e-4,0.7464620967925494,0.7598312650741655
0.001,alien,Urban built-up (250 m),0.5595020666646501,6.789478639483785,0.00916966846405372,0.00359351002993828,0.7464620967925494,0.7598312650741655
0.001,alien,Croplands cover (500 m),-0.03795138851550612,0.0278731318458343,0.8674074365170755,1.3316053582008484e-4,0.7834691273727394,0.7920617391750312
0.001,alien,Urban built-up (500 m),0.5642146305831977,8.083669367146294,0.00446659144993352,0.00364604745492626,0.7834691273727394,0.7920617391750312
0.001,alien,Croplands cover (1000 m),-0.05324361413501131,0.04336703538474709,0.8350356953528704,1.5089563742120437e-4,0.7825147295754978,0.7915153503891661
0.001,alien,Urban built-up (1000 m),0.5370459937779027,7.1443527436475405,0.0075200410446363,0.00289056737680292,0.7825147295754978,0.7915153503891661
0.001,alien,Road density,0.06777004579225046,0.60075109249979,0.4382915936871769,9.716516364524842e-4,0.3569398830894876,0.6962178802850756
0.001,alien,Disturbance frequency,1.9445448584220355,19.87017804743963,8.288323038121171e-6,0.01996000274292881,0.3569398830894876,0.6962178802850756
0.001,alien,Disturbance severity,28.981061337928125,154.28089414443255,2.0106790495702997e-35,0.1191141393064308,0.3569398830894876,0.6962178802850756
0.001,archaeophyte,Climate PC,-2.9886876852800253,13.19331875976064,2.809489272723105e-4,0.07192457167817014,0.7834691273727394,0.7920617391750312
0.001,archaeophyte,Soil pH,-0.3955214347412791,1.822444654968139,0.17702255814189333,0.00194485685214482,0.7834691273727394,0.7920617391750312
0.001,archaeophyte,Heat index,0.9410094071763276,0.5356544765297279,0.4642392530363922,2.6018487956094974e-5,0.7834691273727394,0.7920617391750312
0.001,archaeophyte,Microrelief,0.03117806917376198,0.8734384382077102,0.350005159141655,2.164674925369566e-4,0.7834691273727394,0.7920617391750312
0.001,archaeophyte,Gravel & stone cover,1.2758718130869826,0.990957589433582,0.31950844385295113,0.00449835098823901,0.7834691273727394,0.7920617391750312
0.001,archaeophyte,Herb cover,0.9229640168997064,2.145982546019279,0.14294349617264707,3.7447094661369966e-5,0.7834691273727394,0.7920617391750312
0.001,archaeophyte,Litter cover,1.384083521328274,4.195592931597187,0.04052917779937544,8.286640085408514e-4,0.7834691273727394,0.7920617391750312
0.001,archaeophyte,Grazing,0.03857974835776923,0.01083690262902306,0.917089637796232,2.052557187986033e-5,0.7834691273727394,0.7920617391750312
0.001,archaeophyte,Mowing,0.14005645818416224,0.03168213418941133,0.8587270918232003,0.0019399744670578,0.7834691273727394,0.7920617391750312
0.001,archaeophyte,Abandonment,-0.2667874999245303,0.1843852438045207,0.6676314049941942,4.280242015902755e-4,0.7834691273727394,0.7920617391750312
0.001,archaeophyte,Croplands cover (250 m),-0.11095843627664367,0.27351743098126946,0.6009819501267392,7.25544927195925e-4,0.7464620967925494,0.7598312650741655
0.001,archaeophyte,Urban built-up (250 m),0.5595020666646501,6.789478639483785,0.00916966846405372,0.00359351002993828,0.7464620967925494,0.7598312650741655
0.001,archaeophyte,Croplands cover (500 m),-0.03795138851550612,0.0278731318458343,0.8674074365170755,1.3316053582008484e-4,0.7834691273727394,0.7920617391750312
0.001,archaeophyte,Urban built-up (500 m),0.5642146305831977,8.083669367146294,0.00446659144993352,0.00364604745492626,0.7834691273727394,0.7920617391750312
0.001,archaeophyte,Croplands cover (1000 m),-0.05324361413501131,0.04336703538474709,0.8350356953528704,1.5089563742120437e-4,0.7825147295754978,0.7915153503891661
0.001,archaeophyte,Urban built-up (1000 m),0.5370459937779027,7.1443527436475405,0.0075200410446363,0.00289056737680292,0.7825147295754978,0.7915153503891661
0.001,archaeophyte,Road density,0.06936553589896487,2.6732512914309785,0.1020473621596534,0.00593355465906032,0.4685148581401003,0.6009238662294109
0.001,archaeophyte,Disturbance frequency,1.419230973032994,32.15796986226589,1.4213244893191056e-8,0.05975611666096637,0.4685148581401003,0.6009238662294109
0.001,archaeophyte,Disturbance severity,29.742941300189116,345.86649541732123,3.367316015287916e-77,0.45484176458030734,0.4685148581401003,0.6009238662294109
0.01,alien,Climate PC,-1.426803409690954,19.396212173622818,1.0621752265061411e-5,0.10695563155569392,0.41625256854487647,0.4662777555091063
0.01,alien,Soil pH,-0.2319655900552775,1.295778840951097,0.25498570882170385,0.00354448296852434,0.41625256854487647,0.4662777555091063
0.01,alien,Heat index,-0.8623561849081575,1.3223952278199458,0.2501626342172178,0.0094483895497279,0.41625256854487647,0.4662777555091063
0.01,alien,Microrelief,0.03534924246095043,2.3287316098994717,0.12700532681930082,0.00124644079563667,0.41625256854487647,0.4662777555091063
0.01,alien,Gravel & stone cover,0.19373308334360673,0.036132888116735123,0.8492413267350575,0.00539792279989205,0.41625256854487647,0.4662777555091063
0.01,alien,Herb cover,1.0610318059695465,5.938144034287512,0.01481661305210602,0.03850484074927762,0.41625256854487647,0.4662777555091063
0.01,alien,Litter cover,0.6702483610688277,2.0777134839672784,0.14946392170313974,0.00203457476708067,0.41625256854487647,0.4662777555091063
0.01,alien,Grazing,0.05984274985220469,0.058422781862408,0.8090063908096856,0.0039122270660121,0.41625256854487647,0.4662777555091063
0.01,alien,Mowing,0.9754691686420928,3.0381459917461893,0.08132875489403929,0.00840803416221614,0.41625256854487647,0.4662777555091063
0.01,alien,Abandonment,0.3338802109504211,0.5888611162140444,0.4428598562230578,0.00418223154345738,0.41625256854487647,0.4662777555091063
0.01,alien,Croplands cover (250 m),-0.2125785507714388,2.8918197840322377,0.08903031125137277,0.02183475511146407,0.40350500948028545,0.4595096120603304
0.01,alien,Urban built-up (250 m),0.3187418320272467,3.6720580235517866,0.05533182250381514,0.01019894054956687,0.40350500948028545,0.4595096120603304
0.01,alien,Croplands cover (500 m),-0.19517734760609629,2.0610491701450813,0.15110609937697805,0.01643673220443962,0.41625256854487647,0.4662777555091063
0.01,alien,Urban built-up (500 m),0.2726970581171503,3.189079542935482,0.0741317418416041,0.01036812350356659,0.41625256854487647,0.4662777555091063
0.01,alien,Croplands cover (1000 m),-0.24695673045226135,3.0054879772576455,0.08298298586277891,0.01780164770375203,0.3834598654244518,0.4391815801233764
0.01,alien,Urban built-up (1000 m),0.1425521377121988,0.8826404753328613,0.3474794930624447,0.00646453179820836,0.3834598654244518,0.4391815801233764
0.01,alien,Road density,0.02811351785787373,0.49097448810978,0.4834929293928453,0.00122400802082463,0.47351776635101767,0.47351776635101767
0.01,alien,Disturbance frequency,1.7120224595593072,13.935950367989587,1.8914603539339504e-4,0.04525265032742907,0.47351776635101767,0.47351776635101767
0.01,alien,Disturbance severity,27.112430478908458,93.12637812235594,4.905950536062669e-22,0.27491437955384085,0.47351776635101767,0.47351776635101767
0.01,archaeophyte,Climate PC,-1.646215554695054,15.222113899314373,9.557762597598923e-5,0.09965513431827756,0.4995904889399827,0.5539320226857494
0.01,archaeophyte,Soil pH,-0.16253958879318206,0.5317218239040802,0.4658838672225568,0.00154614564379017,0.4995904889399827,0.5539320226857494
0.01,archaeophyte,Heat index,-0.7241387780544027,0.8231717094989216,0.3642544616004732,0.00968825455266632,0.4995904889399827,0.5539320226857494
0.01,archaeophyte,Microrelief,0.03963141571064892,2.414246267704152,0.12023582937227732,1.4249118616729083e-4,0.4995904889399827,0.5539320226857494
0.01,archaeophyte,Gravel & stone cover,0.2691880484541289,0.06979008872336737,0.7916426559973964,0.00445322317577254,0.4995904889399827,0.5539320226857494
0.01,archaeophyte,Herb cover,0.9771250445443946,4.546404962295158,0.03298793971704302,0.02414122558033537,0.4995904889399827,0.5539320226857494
0.01,archaeophyte,Litter cover,0.6365578293116168,1.5805825041780508,0.2086768084269169,1.422357723621312e-4,0.4995904889399827,0.5539320226857494
0.01,archaeophyte,Grazing,0.230940379973268,0.7781764408230712,0.3776994298252228,0.00491818951840278,0.4995904889399827,0.5539320226857494
0.01,archaeophyte,Mowing,0.39196324751121336,0.3429039264152558,0.5581577974412667,0.0036244092881164,0.4995904889399827,0.5539320226857494
0.01,archaeophyte,Abandonment,0.3923738091069801,0.6820953012346929,0.4088661471577004,0.00228805160008986,0.4995904889399827,0.5539320226857494
0.01,archaeophyte,Croplands cover (250 m),-0.1691450428544352,1.4093612570619762,0.2351624571313846,0.01674902399262053,0.4948669283822582,0.5501505941567347
0.01,archaeophyte,Urban built-up (250 m),0.24958417614732925,1.8643290393830745,0.17212599739679613,0.00334533716701802,0.4948669283822582,0.5501505941567347
0.01,archaeophyte,Croplands cover (500 m),-0.1537383194833688,0.9772805651815146,0.32287111426445997,0.01292140848139175,0.4995904889399827,0.5539320226857494
0.01,archaeophyte,Urban built-up (500 m),0.1918232600030781,1.2895331212348866,0.25613400828872246,0.00230464214436768,0.4995904889399827,0.5539320226857494
0.01,archaeophyte,Croplands cover (1000 m),-0.21367874503659515,1.7683393786489976,0.18358772759191452,0.01314271587722056,0.46481783339535465,0.5225389489830228
0.01,archaeophyte,Urban built-up (1000 m),0.08133765049179234,0.24319256833823455,0.621909723036486,0.00111764947569799,0.46481783339535465,0.5225389489830228
0.01,archaeophyte,Road density,0.04073735964565854,0.9742149075939344,0.3236312379580264,0.00168157200907475,0.5076341041110528,0.5076341041110528
0.01,archaeophyte,Disturbance frequency,1.93957487541453,15.131990994969378,1.0025000995686945e-4,0.04533197682473267,0.5076341041110528,0.5076341041110528
0.01,archaeophyte,Disturbance severity,28.773625486954145,92.59786273431271,6.407659275639481e-22,0.24547791202091077,0.5076341041110528,0.5076341041110528
0.1,alien,Climate PC,-1.4197936229251098,41.53255667684164,1.1592422042559035e-10,0.2367681072318499,0.39645990684940013,0.4305833343244274
0.1,alien,Soil pH,-0.3081835411815642,4.963467902682401,0.02588823964365487,0.01042945652570582,0.39645990684940013,0.4305833343244274
0.1,alien,Heat index,-0.03907568618765329,0.00607623153327357,0.9378676779864872,3.8885868408341395e-6,0.39645990684940013,0.4305833343244274
0.1,alien,Microrelief,0.03929298250019192,6.32115052755328,0.01193061946947856,0.00691074770735668,0.39645990684940013,0.4305833343244274
0.1,alien,Gravel & stone cover,0.01659030897292905,6.987315216520378e-4,0.9789115502127406,0.00131406603233233,0.39645990684940013,0.4305833343244274
0.1,alien,Herb cover,0.608069982748922,4.1533096456196335,0.04155322947679999,0.0176009460563866,0.39645990684940013,0.4305833343244274
0.1,alien,Litter cover,0.7133624100182259,4.8160703360218795,0.02819555600101668,0.02210325726816617,0.39645990684940013,0.4305833343244274
0.1,alien,Grazing,0.03060987202783843,0.02990219803414065,0.8627123296548574,0.0011189590611800299,0.39645990684940013,0.4305833343244274
0.1,alien,Mowing,0.3687174655679998,0.6427477050474472,0.4227175613336954,2.546237641422003e-4,0.39645990684940013,0.4305833343244274
0.1,alien,Abandonment,0.16385654141270378,0.29294791182130125,0.5883376027290391,1.4462703449337225e-4,0.39645990684940013,0.4305833343244274
0.1,alien,Croplands cover (250 m),-0.22634850940936835,6.877929858021056,0.00872665819026492,0.00732712403605764,0.38059876153477584,0.4239882805134592
0.1,alien,Urban built-up (250 m),0.20482756347490944,2.926602639050944,0.08713066972761341,0.00549949842108682,0.38059876153477584,0.4239882805134592
0.1,alien,Croplands cover (500 m),-0.247868082567063,7.515335578846486,0.00611758871191472,0.00665222891758989,0.39645990684940013,0.4305833343244274
0.1,alien,Urban built-up (500 m),0.2841556829925914,8.11583298721171,0.00438803052655303,0.01065710127957152,0.39645990684940013,0.4305833343244274
0.1,alien,Croplands cover (1000 m),-0.265150198846491,7.561217507535797,0.00596376889197179,0.00947274625648417,0.3889307064406438,0.42870484390762614
0.1,alien,Urban built-up (1000 m),0.23114763380778328,5.435097555920212,0.01973598824015915,0.00832578334043076,0.3889307064406438,0.42870484390762614
0.1,alien,Road density,0.05840890416351618,4.71533081980028,0.02989481297000797,0.00601287109502387,0.4131293286364684,0.4131293286364684
0.1,alien,Disturbance frequency,1.728689147667084,25.08637944639551,5.481870139741293e-7,0.05183454973819815,0.4131293286364684,0.4131293286364684
0.1,alien,Disturbance severity,26.216574078012354,150.47831036188774,1.3627416947491326e-34,0.4455751815849366,0.4131293286364684,0.4131293286364684
0.1,archaeophyte,Climate PC,-1.70677318036337,28.70342029044685,8.435461679303003e-8,0.21089802763360097,0.5120392948923994,0.5639202498331032
0.1,archaeophyte,Soil pH,-0.13407412054242562,0.6251682384920357,0.4291331948191959,0.00118934119858495,0.5120392948923994,0.5639202498331032
0.1,archaeophyte,Heat index,-0.05174357686646446,0.00755435972696919,0.9307384247465138,4.7596416927359416e-4,0.5120392948923994,0.5639202498331032
0.1,archaeophyte,Microrelief,0.03750048834876019,3.7514685237955496,0.05276113776112453,0.00269903328001995,0.5120392948923994,0.5639202498331032
0.1,archaeophyte,Gravel & stone cover,0.35112308626421024,0.2837149477537177,0.5942765821823514,0.00196996728535868,0.5120392948923994,0.5639202498331032
0.1,archaeophyte,Herb cover,0.7903812442656352,5.117294640394904,0.02368851928971529,0.02365633383212348,0.5120392948923994,0.5639202498331032
0.1,archaeophyte,Litter cover,0.6510169732401669,2.89458228647838,0.0888778101853247,0.00785682824811254,0.5120392948923994,0.5639202498331032
0.1,archaeophyte,Grazing,0.13945481232464993,0.4508284769680831,0.5019417862336977,0.00316229987463389,0.5120392948923994,0.5639202498331032
0.1,archaeophyte,Mowing,0.04128389000948203,0.004431785342356,0.946922711149114,5.587880516414426e-5,0.5120392948923994,0.5639202498331032
0.1,archaeophyte,Abandonment,0.26241479519134536,0.5138442281888758,0.473479437695301,9.675416449294412e-4,0.5120392948923994,0.5639202498331032
0.1,archaeophyte,Croplands cover (250 m),-0.24832203216385684,5.206515011902501,0.02250239629939917,0.00898406680807712,0.5059254799613507,0.5650843265175458
0.1,archaeophyte,Urban built-up (250 m),0.1766136651408537,1.5229145554801211,0.21717896637990203,0.00246558957929439,0.5059254799613507,0.5650843265175458
0.1,archaeophyte,Croplands cover (500 m),-0.27031732454915247,5.6227096677400965,0.01772921772554244,0.00786477039297914,0.5120392948923994,0.5639202498331032
0.1,archaeophyte,Urban built-up (500 m),0.20925253357714035,2.9040333339730915,0.08835821276752978,0.00143450387048335,0.5120392948923994,0.5639202498331032
0.1,archaeophyte,Croplands cover (1000 m),-0.2855260833669083,5.587618814906828,0.01808786865261897,0.00886456318579887,0.513738080371773,0.56744940526026455
0.1,archaeophyte,Urban built-up (1000 m),0.18294068006040587,2.3497649257927713,0.12530190127942092,0.001799584166789,0.513738080371773,0.56744940526026455
0.1,archaeophyte,Road density,0.06277620939339107,4.673899836702535,0.03062431190627758,0.00966639873533397,0.4792915456580644,0.4792915456580644
0.1,archaeophyte,Disturbance frequency,2.536147898037743,38.199154024398815,6.388010983398137e-10,0.07440073291153121,0.4792915456580644,0.4792915456580644
0.1,archaeophyte,Disturbance severity,28.316714509532275,149.82211334987275,1.8960145640528043e-34,0.3557369359408036,0.4792915456580644,0.4792915456580644
0.1,invasive,Climate PC,-1.43819269859839,5.953570934299327,0.01468750406763018,0.02144020972166277,0.5188921488313887,0.6182307589099766
0.1,invasive,Soil pH,-0.7260803664034624,5.392498405317954,0.02022349514423467,0.00183424329508121,0.5188921488313887,0.6182307589099766
0.1,invasive,Heat index,0.5944135590481459,0.2058037883318405,0.6500764231674783,0.01013298889537285,0.5188921488313887,0.6182307589099766
0.1,invasive,Microrelief,0.05190264005097319,1.963973655975334,0.16108897994459595,6.871534200245954e-4,0.5188921488313887,0.6182307589099766
0.1,invasive,Gravel & stone cover,-5.181439179815893,1.121754132255165,0.2895410572252208,0.01773451410074781,0.5188921488313887,0.6182307589099766
0.1,invasive,Herb cover,-1.2332670349677637,2.4164998126250663,0.12006293030902462,0.00520386474952042,0.5188921488313887,0.6182307589099766
0.1,invasive,Litter cover,1.281271081988958,2.606914389977544,0.10639860502574525,0.00631874240530436,0.5188921488313887,0.6182307589099766
0.1,invasive,Grazing,0.03040116679463895,0.00538528322333958,0.9415001603114084,1.0244583647250531e-4,0.5188921488313887,0.6182307589099766
0.1,invasive,Mowing,0.21175908625795417,0.03960327987471326,0.8422582637243596,2.3414456872882035e-5,0.5188921488313887,0.6182307589099766
0.1,invasive,Abandonment,-0.22258621659048397,0.09050680817019748,0.7635338400635634,0.00288079978971317,0.5188921488313887,0.6182307589099766
0.1,invasive,Croplands cover (250 m),0.2636161939365428,1.0737312269273973,0.3001041683606856,0.00340248749373016,0.3618688880158771,0.7761792588998623
0.1,invasive,Urban built-up (250 m),0.9666567035998004,11.765594497164177,6.033560903595035e-4,0.02378194411843401,0.3618688880158771,0.7761792588998623
0.1,invasive,Croplands cover (500 m),0.29849127402767367,1.2623571911649256,0.26120537765643004,0.00853376334995443,0.5188921488313887,0.6182307589099766
0.1,invasive,Urban built-up (500 m),0.7859678082929373,17.507514627235267,2.8617434609861135e-5,0.01445072524487233,0.5188921488313887,0.6182307589099766
0.1,invasive,Croplands cover (1000 m),0.2082811036369965,0.6105340468702228,0.4345868029004903,0.0036853188841486,0.4937235045365238,0.6273813176529186
0.1,invasive,Urban built-up (1000 m),0.7175199370330744,12.407821935927238,4.2753923807401623e-4,0.01391703252641701,0.4937235045365238,0.6273813176529186
0.1,invasive,Road density,0.2580270485498496,6.109922635779681,0.01344250127173976,0.01621791952006482,0.1881690465431252,0.729882736027585
0.1,invasive,Disturbance frequency,-0.5651665979627661,0.8485921719081687,0.35695091078691826,0.00155205885747925,0.1881690465431252,0.729882736027585
0.1,invasive,Disturbance severity,25.858790169200404,51.38746443861383,7.582114555627102e-13,0.08084000925378018,0.1881690465431252,0.729882736027585
0.1,neophyte,Climate PC,-0.8393940186681051,4.109596271667115,0.04264054033593553,1.2541923338309078e-4,0.41598206461861537,0.516526929157289
0.1,neophyte,Soil pH,-0.8214663624592855,7.150529331740909,0.00749418652073446,1.7925159458681228e-4,0.41598206461861537,0.516526929157289
0.1,neophyte,Heat index,0.35278247754587344,0.07316432587130148,0.7867840403333194,2.088266709599481e-4,0.41598206461861537,0.516526929157289
0.1,neophyte,Microrelief,0.04995770815636292,2.004839771022914,0.1567978609469473,0.00124818017675779,0.41598206461861537,0.516526929157289
0.1,neophyte,Gravel & stone cover,-5.311453453009513,0.93106332630891675,0.33458677275786125,0.01870404693682241,0.41598206461861537,0.516526929157289
0.1,neophyte,Herb cover,-0.4413508105982649,0.2885250990753339,0.5911672352837016,0.00236740308934532,0.41598206461861537,0.516526929157289
0.1,neophyte,Litter cover,1.053655845495458,1.8061764455070464,0.17896758268761803,0.0138698007856935,0.41598206461861537,0.516526929157289
0.1,neophyte,Grazing,-0.5169787695654808,1.307422116078691,0.25286192619010567,0.00363441963637606,0.41598206461861537,0.516526929157289
0.1,neophyte,Mowing,0.7780424583554393,0.8025138921855027,0.3703428183489514,2.4409855460373695e-4,0.41598206461861537,0.516526929157289
0.1,neophyte,Abandonment,-0.6145593356443523,0.6811297506683087,0.4091979698416234,0.00498915492356723,0.41598206461861537,0.516526929157289
0.1,neophyte,Croplands cover (250 m),0.3643229162244174,1.9712093607450512,0.16031955364219866,0.01657468019709859,0.32733415898550267,0.5033497334590404
0.1,neophyte,Urban built-up (250 m),0.5879836244652208,4.67233427698528,0.03065223875393277,0.00210631311073964,0.32733415898550267,0.5033497334590404
0.1,neophyte,Croplands cover (500 m),0.3726054374380739,1.9131216160559423,0.1666169164175862,0.01987864665227631,0.41598206461861537,0.516526929157289
0.1,neophyte,Urban built-up (500 m),0.7293750110238566,10.996375606797995,9.129023181352468e-4,0.01550730358550477,0.41598206461861537,0.516526929157289
0.1,neophyte,Croplands cover (1000 m),0.3219998872748402,1646.236031740765,0,0.0105480948043886,0.44915918321346704,0.47261994583506833
0.1,neophyte,Urban built-up (1000 m),0.5865210978854019,5429.101851379215,0,0.01351754700444431,0.44915918321346704,0.47261994583506833
0.1,neophyte,Road density,0.12766445854068856,1.2337476338973747,0.26667944860336307,0.0023128592088222,0.3564836346333525,0.8157375342284542
0.1,neophyte,Disturbance frequency,-0.05913711736505778,0.01016708577474978,0.9196838493474948,9.776758479783544e-6,0.3564836346333525,0.8157375342284542
0.1,neophyte,Disturbance severity,47.14738909442513,122.23963432707204,2.0457463602833995e-28,0.14379986218545018,0.3564836346333525,0.8157375342284542
1,alien,Climate PC,-1.427902980460479,47.348308270273094,5.9429386309168255e-12,0.2752465712199252,0.3898362314992102,0.4702032902818265
1,alien,Soil pH,-0.300798106215708,5.111855675420533,0.02376289067359481,0.01002701985858395,0.3898362314992102,0.4702032902818265
1,alien,Heat index,0.360497418064417,0.6120445871230373,0.4340190239287228,0.00407574239498794,0.3898362314992102,0.4702032902818265
1,alien,Microrelief,0.02563235702722586,2.7399298858838925,0.09786906086510366,0.00122571998103742,0.3898362314992102,0.4702032902818265
1,alien,Gravel & stone cover,-0.1987357335789201,0.12389943282060012,0.7248431278304264,8.179841669651004e-4,0.3898362314992102,0.4702032902818265
1,alien,Herb cover,0.6670502071484841,5.543383403585669,0.0185506839222725,0.01396645673895453,0.3898362314992102,0.4702032902818265
1,alien,Litter cover,0.2842966451600939,0.8305825777870969,0.3621041246582224,0.00558566461647905,0.3898362314992102,0.4702032902818265
1,alien,Grazing,-0.02926783531010358,0.03144284663701684,0.8592560138220656,2.8987385771751703e-4,0.3898362314992102,0.4702032902818265
1,alien,Mowing,0.6451012927514111,1.99559158980851,0.15775745540398425,0.00394462975171457,0.3898362314992102,0.4702032902818265
1,alien,Abandonment,0.09157266812151474,0.09287202171453326,0.7605572410889473,7.677634041276776e-5,0.3898362314992102,0.4702032902818265
1,alien,Croplands cover (250 m),-0.1996087675438395,5.278956592952351,0.02158467930731757,0.00283751518599308,0.37447138150596326,0.4617826875675327
1,alien,Urban built-up (250 m),0.18555375768058985,2.448830171142389,0.11761249096961056,0.00694049230639429,0.37447138150596326,0.4617826875675327
1,alien,Croplands cover (500 m),-0.19168045738622116,4.403259932132498,0.03587030118473804,4.192369345692013e-4,0.3898362314992102,0.4702032902818265
1,alien,Urban built-up (500 m),0.2364020136264205,5.293743041975186,0.02140217160448938,0.00955058025151973,0.3898362314992102,0.4702032902818265
1,alien,Croplands cover (1000 m),-0.19647173612586064,4.236449597192262,0.03956482351877432,7.756312834429641e-4,0.38500915037434,0.4708978606700568
1,alien,Urban built-up (1000 m),0.16796536956546337,2.803230032506179,0.09407461447300795,0.00584983324315498,0.38500915037434,0.4708978606700568
1,alien,Road density,0.06366519874272278,6.111552785331023,0.01343010871614201,0.01312042210067285,0.399523119842981,0.4163938320836408
1,alien,Disturbance frequency,1.5178575468510207,24.351803879875277,8.025155973199668e-7,0.07850682447250541,0.399523119842981,0.4163938320836408
1,alien,Disturbance severity,27.811504349045705,172.5016037142052,2.1028778453722456e-39,0.5282132299724592,0.399523119842981,0.4163938320836408
1,archaeophyte,Climate PC,-1.8036816372756872,35.96199068718701,2.012043679538034e-9,0.27340381522477364,0.5402683166957573,0.6183882733110894
1,archaeophyte,Soil pH,-0.1110259383077705,0.4718821077840122,0.4921225828787998,2.3301317710809887e-4,0.5402683166957573,0.6183882733110894
1,archaeophyte,Heat index,0.28565704893809596,0.29220470252477615,0.5888111568186469,0.00347064080529669,0.5402683166957573,0.6183882733110894
1,archaeophyte,Microrelief,0.02146290394445485,1.309839967195835,0.2524236322107589,5.39936848843495e-4,0.5402683166957573,0.6183882733110894
1,archaeophyte,Gravel & stone cover,0.03107936110389307,0.00272571173364028,0.9583626802518884,3.114715821701702e-5,0.5402683166957573,0.6183882733110894
1,archaeophyte,Herb cover,0.84737778501579,6.90166038674121,0.00861157344176152,0.02372144659836216,0.5402683166957573,0.6183882733110894
1,archaeophyte,Litter cover,0.34130869057105684,0.9520245964845772,0.32920448858613216,0.00347754246528895,0.5402683166957573,0.6183882733110894
1,archaeophyte,Grazing,0.01878819224285095,0.00976371564447747,0.9212879249980536,1.6541297081035942e-5,0.5402683166957573,0.6183882733110894
1,archaeophyte,Mowing,0.3358930057085542,0.32825446380758305,0.5666887352298823,3.952124773036223e-4,0.5402683166957573,0.6183882733110894
1,archaeophyte,Abandonment,0.1641372234664442,0.2197085462718379,0.6392620812552943,9.435737375854362e-5,0.5402683166957573,0.6183882733110894
1,archaeophyte,Croplands cover (250 m),-0.17008846810414335,2.570502994454642,0.1088731090562312,0.00180629626541556,0.5195072616492495,0.6046407454523409
1,archaeophyte,Urban built-up (250 m),0.09426849104310432,0.4364791189612853,0.5088267485359841,1.964841852514565e-4,0.5195072616492495,0.6046407454523409
1,archaeophyte,Croplands cover (500 m),-0.15346090128460282,1.859188808872962,0.17271845254333917,1.369419116362964e-4,0.5402683166957573,0.6183882733110894
1,archaeophyte,Urban built-up (500 m),0.1497723398140534,1.4600072893881566,0.22692896093594367,2.6715349615237283e-4,0.5402683166957573,0.6183882733110894
1,archaeophyte,Croplands cover (1000 m),-0.15686032784340173,1.7832341317258518,0.18175269466272803,2.897083511526898e-4,0.5390926709634773,0.6190541667664615
1,archaeophyte,Urban built-up (1000 m),0.0995996415034746,0.7026891381522496,0.40188157749287434,7.394320485767922e-5,0.5390926709634773,0.6190541667664615
1,archaeophyte,Road density,0.0711431534646134,6.080267064925911,0.01367001033130747,0.01935714222395804,0.4540328539416554,0.4653818401513641
1,archaeophyte,Disturbance frequency,2.13341482975379,34.29832563463226,4.727883539728903e-9,0.12369503130747107,0.4540328539416554,0.4653818401513641
1,archaeophyte,Disturbance severity,29.773205345211245,167.60109953255667,2.4724732816368456e-38,0.47753331095438495,0.4540328539416554,0.4653818401513641
1,invasive,Climate PC,-1.4351495257192686,15.65122817802035,7.616310270422003e-5,0.08371521453910043,0.46108923768616705,0.46108923768616705
1,invasive,Soil pH,-0.7372518346615156,14.037286685273914,1.7922134414204027e-4,0.00518215485554419,0.46108923768616705,0.46108923768616705
1,invasive,Heat index,0.7352228331349978,0.7463694116063428,0.3876281365624058,1.3603666222764205e-4,0.46108923768616705,0.46108923768616705
1,invasive,Microrelief,0.03146900329988875,1.6802992404017365,0.1948846952521159,4.008641503154225e-4,0.46108923768616705,0.46108923768616705
1,invasive,Gravel & stone cover,-1.616677629412428,0.9466325590665752,0.3305779341495995,0.00294760541876829,0.46108923768616705,0.46108923768616705
1,invasive,Herb cover,-0.206506875969176,0.1636305739198411,0.6858356958203603,0.00755516939664964,0.46108923768616705,0.46108923768616705
1,invasive,Litter cover,0.4330186917029511,0.5924289867312009,0.4414813787594669,1.801636396089029e-5,0.46108923768616705,0.46108923768616705
1,invasive,Grazing,0.07489688288252212,0.07731930083390477,0.7809636266884065,2.8646151196544457e-5,0.46108923768616705,0.46108923768616705
1,invasive,Mowing,1.1148804501747684,3.329872444266705,0.06803215052158162,0.00852436616557764,0.46108923768616705,0.46108923768616705
1,invasive,Abandonment,0.27220388360080894,0.3258983799531275,0.5680843107096817,1.0614926886361764e-4,0.46108923768616705,0.46108923768616705
1,invasive,Croplands cover (250 m),-0.01008678262069111,0.00402057605622402,0.9494416069960816,5.067824162946884e-4,0.38749763930778897,0.45077566323458507
1,invasive,Urban built-up (250 m),0.6735552623657312,20.619327612977393,5.602762396630032e-6,0.01985635420235471,0.38749763930778897,0.45077566323458507
1,invasive,Croplands cover (500 m),0.06790324495322642,0.17016005804412057,0.6799695982101492,0.00496187766952152,0.46108923768616705,0.46108923768616705
1,invasive,Urban built-up (500 m),0.6827976563100365,36.454768693696025,1.5625038207852074e-9,0.01883506058997847,0.46108923768616705,0.46108923768616705
1,invasive,Croplands cover (1000 m),0.04279405517882954,0.06813527306727737,0.7940714224167037,0.00221966943754222,0.4671413174281001,0.4671413174281001
1,invasive,Urban built-up (1000 m),0.6537720259815888,28.652353843855806,8.660865223120357e-8,0.01477375232397467,0.4671413174281001,0.4671413174281001
1,invasive,Road density,0.17346190796561245,3.4052698013462757,0.06498848575941338,0.01071591248223041,0.1792823941520189,0.6978477481614468
1,invasive,Disturbance frequency,0.36182899195308393,0.2772709609628688,0.5984955299492848,8.715707904950519e-4,0.1792823941520189,0.6978477481614468
1,invasive,Disturbance severity,26.154848593217753,62.14417454717126,3.192099158458992e-15,0.10440808963398313,0.1792823941520189,0.6978477481614468
1,neophyte,Climate PC,0.00235455356152204,5.205788760997456e-5,0.9942432209107608,1.986824787103495e-7,0.1644431645490928,0.6999586122412084
1,neophyte,Soil pH,0.00189025501937139,2.1906612174866624e-4,0.9881910355536736,9.248614954487232e-8,0.1644431645490928,0.6999586122412084
1,neophyte,Heat index,-0.5808745873258202,0.3308460169865288,0.5651613467767088,7.402879126950792e-4,0.1644431645490928,0.6999586122412084
1,neophyte,Microrelief,0.00178787206805885,0.01333746728928033,0.9080583686947244,4.132172814597335e-6,0.1644431645490928,0.6999586122412084
1,neophyte,Gravel & stone cover,-4.322637621589062,3.6159967909091257,0.05722641855239668,0.02728627080763553,0.1644431645490928,0.6999586122412084
1,neophyte,Herb cover,-0.6002020580738655,3.2027150273519913,0.07351613198113151,0.00166027450508793,0.1644431645490928,0.6999586122412084
1,neophyte,Litter cover,-0.47563360937723215,1.239449288464034,0.26557721576270943,8.156144843477588e-4,0.1644431645490928,0.6999586122412084
1,neophyte,Grazing,-0.39982779761501275,0.8345371647194193,0.3609638330624324,0.00256362119385335,0.1644431645490928,0.6999586122412084
1,neophyte,Mowing,2.290522484759472,4.5858481740841865,0.03223701273063099,0.00968281538100099,0.1644431645490928,0.6999586122412084
1,neophyte,Abandonment,-0.5542402411258606,0.4589569658425374,0.4981118403735523,0.0015035816583131,0.1644431645490928,0.6999586122412084
1,neophyte,Croplands cover (250 m),0.4859153899849789,2.9940169161943104,0.08357262210888185,0.01503113596900488,0.14705370419364863,0.6978327904565936
1,neophyte,Urban built-up (250 m),0.7918846383675534,7.475553396814843,0.00625423389664805,0.02083735567405791,0.14705370419364863,0.6978327904565936
1,neophyte,Croplands cover (500 m),0.5107883554124478,2.8731493723828176,0.09006846130411897,0.01530303872567417,0.1644431645490928,0.6999586122412084
1,neophyte,Urban built-up (500 m),0.876516218291329,10.864034733656588,9.804984313097345e-4,0.02871195129547867,0.1644431645490928,0.6999586122412084
1,neophyte,Croplands cover (1000 m),0.3813349232698279,1.6809076425731326,0.19480389182108693,0.00824388749322093,0.13708071025768084,0.6933564373449135
1,neophyte,Urban built-up (1000 m),0.6809151966755964,6.56301034257843,0.0104120082823461,0.01968361163419417,0.13708071025768084,0.6933564373449135
1,neophyte,Road density,0.07205891799940287,0.4958258461603935,0.4813399735950632,0.00139733696280848,0.2297207800124575,0.7511396374304867
1,neophyte,Disturbance frequency,-1.11959026291503,3.0985816751559914,0.07836053621350686,0.00621325401919466,0.2297207800124575,0.7511396374304867
1,neophyte,Disturbance severity,34.20023592543411,72.37290038967153,1.7814352600522936e-17,0.12984037387932065,0.2297207800124575,0.7511396374304867
10,alien,Climate PC,-1.2269594864068556,53.63470599845053,2.414560520727907e-13,0.30075881721458525,0.33901702840549996,0.4419000633017852
10,alien,Soil pH,-0.18790411301957688,2.961055598005504,0.08529224098896718,0.00448709304688368,0.33901702840549996,0.4419000633017852
10,alien,Heat index,-0.17464087332292555,0.20068950239033784,0.6541648742594995,3.361766876125385e-4,0.33901702840549996,0.4419000633017852
10,alien,Microrelief,0.02939423111227859,5.101529639837311,0.02390475406188605,0.00408715155356934,0.33901702840549996,0.4419000633017852
10,alien,Gravel & stone cover,0.13743238520678489,0.11079572195534516,0.739240030022919,0.00229532103655625,0.33901702840549996,0.4419000633017852
10,alien,Herb cover,0.3130608710482691,1.820717787361236,0.1772278603132691,0.0097570934064967,0.33901702840549996,0.4419000633017852
10,alien,Litter cover,0.14429718242748618,0.28671320676672174,0.59233452456347,0.00264889304057373,0.33901702840549996,0.4419000633017852
10,alien,Grazing,0.23472809958665197,2.804754479769959,0.0939852314773356,0.00614553984854535,0.33901702840549996,0.4419000633017852
10,alien,Mowing,0.6755476728750228,2.614484827451644,0.10589190964431244,0.00703656187401054,0.33901702840549996,0.4419000633017852
10,alien,Abandonment,0.2542111723351337,0.895902063186494,0.3438829003278809,0.00137845689767042,0.33901702840549996,0.4419000633017852
10,alien,Croplands cover (250 m),-0.06765880497499498,0.7484613007488792,0.3869638297286916,3.616665810622777e-4,0.33020068461688545,0.4350653216688732
10,alien,Urban built-up (250 m),0.04311389545407115,0.1551574209476557,0.6936546726703716,2.1592686764503727e-4,0.33020068461688545,0.4350653216688732
10,alien,Croplands cover (500 m),-0.05381371413295293,0.42541143289320815,0.514249120877728,0.00205482419612197,0.33901702840549996,0.4419000633017852
10,alien,Urban built-up (500 m),0.08254050799271584,0.7360108274425657,0.3909417566236076,4.050467120421332e-4,0.33901702840549996,0.4419000633017852
10,alien,Croplands cover (1000 m),-0.0812892113040661,0.9342607729161092,0.3337582078641314,2.5594469306103784e-4,0.33378416133882527,0.4375332837240535
10,alien,Urban built-up (1000 m),0.06813752237804671,0.5703998471159698,0.4501000715366613,0.00102661708903086,0.33378416133882527,0.4375332837240535
10,alien,Road density,0.04362510951898685,4.4775358602529,0.03434320267417173,0.006861080968526,0.3438747958053618,0.35856634239791113
10,alien,Disturbance frequency,1.6828985407814985,50.80484747174434,1.0202143552401109e-12,0.07011440946917176,0.3438747958053618,0.35856634239791113
10,alien,Disturbance severity,24.73878889303989,228.15981905648212,1.5019733562414302e-51,0.4419827243725784,0.3438747958053618,0.35856634239791113
10,archaeophyte,Climate PC,-1.7859769834226071,45.97054804503072,1.2004418617065774e-11,0.34842393401446403,0.5612118489331271,0.6437019990769947
10,archaeophyte,Soil pH,-0.01837795528203344,0.01955546731613891,0.8887857254928964,3.1419803529058145e-4,0.5612118489331271,0.6437019990769947
10,archaeophyte,Heat index,-0.29729999587893363,0.4382643080157091,0.5079613917957547,0.00114605813299307,0.5612118489331271,0.6437019990769947
10,archaeophyte,Microrelief,0.02722154405959658,3.037395565119835,0.08136636436832062,9.305055311103404e-4,0.5612118489331271,0.6437019990769947
10,archaeophyte,Gravel & stone cover,0.13194828598918446,0.08365607668287207,0.7724026193019129,6.959774024673747e-4,0.5612118489331271,0.6437019990769947
10,archaeophyte,Herb cover,0.5004546244344479,3.54630950918876,0.0596780432929398,0.01275896629007553,0.5612118489331271,0.6437019990769947
10,archaeophyte,Litter cover,0.24853091096040195,0.6819150690705607,0.4089280560427051,0.00205875342002485,0.5612118489331271,0.6437019990769947
10,archaeophyte,Grazing,0.32147448031663306,3.9899492746009817,0.04577244220543387,0.00718600178432337,0.5612118489331271,0.6437019990769947
10,archaeophyte,Mowing,0.54643708286680015,1.1141184236253563,0.291188443636546,0.00286545243417927,0.5612118489331271,0.6437019990769947
10,archaeophyte,Abandonment,0.3455315643201683,1.2309140393868436,0.26722935280277965,8.797496846943989e-4,0.5612118489331271,0.6437019990769947
10,archaeophyte,Croplands cover (250 m),-0.03027342983017521,0.09834520720024152,0.7538245601562791,5.388175031799744e-4,0.5520433196347816,0.6358613186759503
10,archaeophyte,Urban built-up (250 m),-0.02035593979413086,0.0248128500781858,0.8748342973120218,0.00190452645057185,0.5520433196347816,0.6358613186759503
10,archaeophyte,Croplands cover (500 m),-0.00152988697265545,2.1975760632088828e-4,0.988172414039265,0.00351374692209013,0.5612118489331271,0.6437019990769947
10,archaeophyte,Urban built-up (500 m),-0.0010941777861449,9.057272505030814e-5,0.9924066708999576,0.00260729892012355,0.5612118489331271,0.6437019990769947
10,archaeophyte,Croplands cover (1000 m),-0.00693753858759194,0.00421693571830918,0.9482234146203548,0.00205771540178191,0.565488273916256,0.6470477225068652
10,archaeophyte,Urban built-up (1000 m),0.02280115153179358,0.0451506701451928,0.8317272197281836,9.174093284164858e-4,0.565488273916256,0.6470477225068652
10,archaeophyte,Road density,0.05340532222366305,5.209275709632866,0.0224666922280261,0.02817505085875946,0.419462895708295,0.4331667943978521
10,archaeophyte,Disturbance frequency,2.361792762804324,70.27753863551874,5.152099741532821e-17,0.22128620923202805,0.419462895708295,0.4331667943978521
10,archaeophyte,Disturbance severity,27.52964309259115,224.35379916885032,1.0156643624735184e-50,0.5666500923110162,0.419462895708295,0.4331667943978521
10,invasive,Climate PC,-1.0387623543905151,17.25437630646809,3.269436207525079e-5,0.1586065912961772,0.2898299568090304,0.3341471906402835
10,invasive,Soil pH,-0.5189536427238622,12.0253886375638,5.248075475551159e-4,0.02597025041846953,0.2898299568090304,0.3341471906402835
10,invasive,Heat index,-0.00270159895378942,2.396920694762917e-5,0.9960937039085636,2.1310574661459952e-4,0.2898299568090304,0.3341471906402835
10,invasive,Microrelief,0.02152254216077258,1.4955993104526548,0.22134972342253784,0.0022358840430827002,0.2898299568090304,0.3341471906402835
10,invasive,Gravel & stone cover,-0.48915310135373025,0.4026554465954104,0.5257210504139631,4.0137970889800114e-5,0.2898299568090304,0.3341471906402835
10,invasive,Herb cover,-0.3956331047990525,1.2120253309352678,0.27093138092048497,0.00150741191593159,0.2898299568090304,0.3341471906402835
10,invasive,Litter cover,0.03349052806622529,0.00641868502357797,0.9361444437178982,4.321764083017813e-4,0.2898299568090304,0.3341471906402835
10,invasive,Grazing,0.13504931772058473,0.5841868999622359,0.44467585352004296,8.441672766429202e-4,0.2898299568090304,0.3341471906402835
10,invasive,Mowing,0.05293947137122623,0.00789390715352932,0.9292029781452772,1.4535909792565602e-4,0.2898299568090304,0.3341471906402835
10,invasive,Abandonment,0.02336858056125919,0.00470863591637734,0.9452924959067838,1.540872977891283e-5,0.2898299568090304,0.3341471906402835
10,invasive,Croplands cover (250 m),0.06304684435981353,0.32820150408936966,0.5667200316114571,0.01080731498796913,0.25454932183789575,0.31533433630635305
10,invasive,Urban built-up (250 m),0.39431946248798616,12.31406837592271,4.495570336441468e-4,0.01740490510535316,0.25454932183789575,0.31533433630635305
10,invasive,Croplands cover (500 m),0.09954160257853148,0.7112450551778013,0.3990307933751379,0.01626392864998778,0.2898299568090304,0.3341471906402835
10,invasive,Urban built-up (500 m),0.4071030671060612,17.6777433279679,2.6167052055433137e-5,0.02144376267802213,0.2898299568090304,0.3341471906402835
10,invasive,Croplands cover (1000 m),0.04302760346585224,0.12954330259305785,0.7189060290679552,0.00663949202076883,0.27021820744850855,0.32678778764486893
10,invasive,Urban built-up (1000 m),0.36398942471790696,13.146978313886056,2.8798329192339156e-4,0.02031433088892949,0.27021820744850855,0.32678778764486893
10,invasive,Road density,0.13249575737729286,7.45712330924307,0.00631859017014882,0.0290402017093877,0.13749276019798598,0.29659144896932044
10,invasive,Disturbance frequency,1.239453121115676,5.871284226393789,0.01538982097209987,1.668010746264979e-4,0.13749276019798598,0.29659144896932044
10,invasive,Disturbance severity,11.98559452746945,12.306929778347236,4.51279673532406e-4,0.17476023279076006,0.13749276019798598,0.29659144896932044
10,neophyte,Climate PC,-0.40655387471447113,3.958148857843092,0.04664497191010334,0.00585639902624559,0.15857847433645705,0.2650507203237228
10,neophyte,Soil pH,-0.6526236631644642,15.337792953923003,8.989991488820838e-5,0.01714544844414164,0.15857847433645705,0.2650507203237228
10,neophyte,Heat index,0.06442514610599441,0.01108463887057576,0.9161507667491064,5.159830555867424e-4,0.15857847433645705,0.2650507203237228
10,neophyte,Microrelief,0.02605097238134925,1.9473022859376663,0.16287785194437268,0.00164078479700963,0.15857847433645705,0.2650507203237228
10,neophyte,Gravel & stone cover,0.5236991159554998,0.4391666574888195,0.5075249487524383,0.00256638327344324,0.15857847433645705,0.2650507203237228
10,neophyte,Herb cover,-0.14621112513527412,0.11861645598215284,0.7305399258096207,6.306703721892514e-5,0.15857847433645705,0.2650507203237228
10,neophyte,Litter cover,0.06645825126756691,0.01758301925324636,0.8945089592578287,0.00235539106414135,0.15857847433645705,0.2650507203237228
10,neophyte,Grazing,-0.02214582357257002,0.01202499316620515,0.9126801903974432,1.1324004907799502e-4,0.15857847433645705,0.2650507203237228
10,neophyte,Mowing,0.738184008210247,1.9621217765510663,0.16128657996816315,0.00806057051664525,0.15857847433645705,0.2650507203237228
10,neophyte,Abandonment,-0.25772061859001255,0.4098023148293247,0.522069859585758,0.00120162560969931,0.15857847433645705,0.2650507203237228
10,neophyte,Croplands cover (250 m),0.3849206972629602,6.302871096004272,0.01205425840476947,0.06068846740640393,0.1394598214375517,0.2693804443324588
10,neophyte,Urban built-up (250 m),0.4505526745291773,8.89219263821401,0.00286392602519127,0.02042725573172737,0.1394598214375517,0.2693804443324588
10,neophyte,Croplands cover (500 m),0.3918464672868409,6.050122126675602,0.01390533509117804,0.0626662931476238,0.15857847433645705,0.2650507203237228
10,neophyte,Urban built-up (500 m),0.4923098213505637,14.74939944885953,1.2278662937947229e-4,0.03124445496378976,0.15857847433645705,0.2650507203237228
10,neophyte,Croplands cover (1000 m),0.28590216051221184,3.3994092045427498,0.06521977463087508,0.03489709568078778,0.12797552796375414,0.25514738223136824
10,neophyte,Urban built-up (1000 m),0.3816357580672536,8.737504934162025,0.00311730776558131,0.02139383536601176,0.12797552796375414,0.25514738223136824
10,neophyte,Road density,0.07562745057589514,2.0882062068503524,0.1484402748462433,0.01509155686754984,0.04346980156758549,0.253945355867346
10,neophyte,Disturbance frequency,-0.703830407337602,1.70646928895974,0.19144410374887497,0.04722670159953371,0.04346980156758549,0.253945355867346
10,neophyte,Disturbance severity,7.914295822436157,4.233944599783248,0.03962325127590251,0.16124625054351838,0.04346980156758549,0.253945355867346
100,alien,Climate PC,-1.1692647566337722,58.97861122181774,1.593952098047945e-14,0.2661409439621967,0.41727398764784535,0.4251089846234248
100,alien,Soil pH,-0.07247376272033068,0.7586705887005399,0.3837448789523528,5.7381797457107936e-8,0.41727398764784535,0.4251089846234248
100,alien,Heat index,-0.26249153977232886,1.1761853028837927,0.27813396251762734,7.109010033272096e-5,0.41727398764784535,0.4251089846234248
100,alien,Microrelief,0.03540370958582025,14.137182558710562,1.6995106428593733e-4,0.00853020460302213,0.41727398764784535,0.4251089846234248
100,alien,Gravel & stone cover,0.4016444000860024,1.3818296805815766,0.23978973191631975,0.00214786889163619,0.41727398764784535,0.4251089846234248
100,alien,Herb cover,0.5885850144567093,11.23133808861136,8.042763744250243e-4,0.01091693569136538,0.41727398764784535,0.4251089846234248
100,alien,Litter cover,0.5145203985494193,6.290410566368072,0.01213929285388486,0.0144022934628031,0.41727398764784535,0.4251089846234248
100,alien,Grazing,0.2673014875643489,12.213400739781225,4.7447466047205607e-4,0.00684596991045827,0.41727398764784535,0.4251089846234248
100,alien,Mowing,0.39603552824449384,2.9324530763600554,0.08681548802097473,0.00176868180359467,0.41727398764784535,0.4251089846234248
100,alien,Abandonment,0.3014758557955757,3.9239688544109352,0.04760237458933898,0.00265564448768084,0.41727398764784535,0.4251089846234248
100,alien,Croplands cover (250 m),-0.02634660338167158,0.26798039037301297,0.6046897721199997,0.00161738617367305,0.4162912768980109,0.42427510076587727
100,alien,Urban built-up (250 m),0.04838454166424058,0.514178548209759,0.47333556779787506,0.0073281842540726,0.4162912768980109,0.42427510076587727
100,alien,Croplands cover (500 m),-0.02034308813469032,0.13085297632345855,0.7175492781419438,0.00457442182560334,0.41727398764784535,0.4251089846234248
100,alien,Urban built-up (500 m),0.08223067719148669,1.8677638506319,0.17173140833936956,0.00463750593354871,0.41727398764784535,0.4251089846234248
100,alien,Croplands cover (1000 m),-0.03770289577276751,0.39598183541222687,0.5291717347634437,0.00367785490864745,0.41693551651476823,0.4250906640044075
100,alien,Urban built-up (1000 m),0.05696327886084622,1.0755827520453622,0.29968783038666386,0.00288392371097198,0.41693551651476823,0.4250906640044075
100,alien,Road density,0.03292619459619839,3.089604791168296,0.07879394317828017,0.00854426851415541,0.29292096907847315,0.3012850450680374
100,alien,Disturbance frequency,1.7717512472954855,36.945535196090226,1.2147554536512652e-9,0.09551413773083252,0.29292096907847315,0.3012850450680374
100,alien,Disturbance severity,22.087678823702632,159.0977708889897,1.7814675303413832e-36,0.3972052285705589,0.29292096907847315,0.3012850450680374
100,archaeophyte,Climate PC,-1.485620125961519,54.13562792770403,1.8711751044927746e-13,0.20586234826196853,0.5584366897606178,0.564485877917049
100,archaeophyte,Soil pH,0.01587282672686556,0.02970854437056462,0.8631532061506559,0.00149374780713224,0.5584366897606178,0.564485877917049
100,archaeophyte,Heat index,-0.27523850811583256,1.0033703389322337,0.3164963564932832,8.359646970633423e-6,0.5584366897606178,0.564485877917049
100,archaeophyte,Microrelief,0.03133692452597909,7.886357556746101,0.00498090762703901,0.00523998372440412,0.5584366897606178,0.564485877917049
100,archaeophyte,Gravel & stone cover,0.29391520758840733,0.5805587667329856,0.446093385531931,4.629120933558224e-4,0.5584366897606178,0.564485877917049
100,archaeophyte,Herb cover,0.7530112806847209,15.769192037467082,7.155830037591789e-5,0.01306780433838564,0.5584366897606178,0.564485877917049
100,archaeophyte,Litter cover,0.562654814693449,6.171268541827074,0.01298414736519702,0.01028463888283657,0.5584366897606178,0.564485877917049
100,archaeophyte,Grazing,0.28541153323460405,11.014338756590252,9.040977248414642e-4,0.00426071354141792,0.5584366897606178,0.564485877917049
100,archaeophyte,Mowing,0.3619153321982448,1.9952622354501623,0.15779175224503908,2.621940010482057e-4,0.5584366897606178,0.564485877917049
100,archaeophyte,Abandonment,0.3879792126990733,5.343604840593913,0.02079842094207509,0.0014679289345122,0.5584366897606178,0.564485877917049
100,archaeophyte,Croplands cover (250 m),-0.03342185782360891,0.35458723304320705,0.5515278247921018,3.1444963598580656e-4,0.5583053782458118,0.564561115158977
100,archaeophyte,Urban built-up (250 m),-0.03886148988970433,0.22898756892459624,0.632275549063197,0.00150764090453506,0.5583053782458118,0.564561115158977
100,archaeophyte,Croplands cover (500 m),-0.03268535393328031,0.28052831772926395,0.5963551475370679,0.00142426606627905,0.5584366897606178,0.564485877917049
100,archaeophyte,Urban built-up (500 m),-0.01254840938876023,0.03033339297135939,0.8617359134663481,3.7594241267060774e-4,0.5584366897606178,0.564485877917049
100,archaeophyte,Croplands cover (1000 m),-0.03541580581697842,0.2861388446022543,0.5927055409540378,0.00158673922993378,0.5592065390008346,0.5651718005034153
100,archaeophyte,Urban built-up (1000 m),0.00697260745680034,0.01221224692564358,0.9120056844728904,1.9058913008398757e-4,0.5592065390008346,0.5651718005034153
100,archaeophyte,Road density,0.02494962501779181,1.5159672958377268,0.2182307831013448,0.00583718825339156,0.353842312408932,0.35909451676950144
100,archaeophyte,Disturbance frequency,2.0854024493426113,45.3812865421636,1.621765393359511e-11,0.11764766509885163,0.353842312408932,0.35909451676950144
100,archaeophyte,Disturbance severity,25.20308026155514,166.19727648181083,5.009254887055506e-38,0.46858176607376095,0.353842312408932,0.35909451676950144
100,invasive,Climate PC,-1.4247820130699835,12.594558420883631,3.868714444804839e-4,0.19490442931943988,0.4957203937575754,0.527985632096112
100,invasive,Soil pH,-0.4377743784031754,6.185607367409176,0.0128793489169642,0.0122993704744824,0.4957203937575754,0.527985632096112
100,invasive,Heat index,0.04090007201020925,0.0060580330274349,0.9379606038761752,2.241924247395517e-5,0.4957203937575754,0.527985632096112
100,invasive,Microrelief,0.02798331970235977,2.069071491165948,0.15031300959375174,3.566769853864434e-5,0.4957203937575754,0.527985632096112
100,invasive,Gravel & stone cover,0.20689755059037185,0.07613806002363536,0.7826008639128271,5.032677439173182e-4,0.4957203937575754,0.527985632096112
100,invasive,Herb cover,-0.3588526270679553,0.772774831162197,0.3793600026272611,0.00826336555055137,0.4957203937575754,0.527985632096112
100,invasive,Litter cover,0.46254394729980153,1.0447142494430282,0.30672759122876936,9.857864405298246e-4,0.4957203937575754,0.527985632096112
100,invasive,Grazing,0.280568671372392,2.9753302444117975,0.08454287096613865,0.00102150322106714,0.4957203937575754,0.527985632096112
100,invasive,Mowing,0.05247285878451719,0.00868941798764385,0.9257311312276432,1.9118694670854604e-4,0.4957203937575754,0.527985632096112
100,invasive,Abandonment,0.10528585120286792,0.10007398160274054,0.7517408712969992,1.059603840696285e-4,0.4957203937575754,0.527985632096112
100,invasive,Croplands cover (250 m),0.1591554903368863,1.7441527471083471,0.18661350530677703,0.01404992984222952,0.4787069031602505,0.5177399729488675
100,invasive,Urban built-up (250 m),0.24435178745973551,4.511064459828405,0.0336762766456514,0.00503793192290805,0.4787069031602505,0.5177399729488675
100,invasive,Croplands cover (500 m),0.218974995047456,2.536601943207214,0.1112339440216963,0.01808975602393868,0.4957203937575754,0.527985632096112
100,invasive,Urban built-up (500 m),0.27851814194268654,6.306543324880508,0.01202931488968883,0.00277869305996623,0.4957203937575754,0.527985632096112
100,invasive,Croplands cover (1000 m),0.13344212838175035,0.8944405076133015,0.3442768025405506,0.01375120248988007,0.4813491633422009,0.5231663325023252
100,invasive,Urban built-up (1000 m),0.2213664669966947,4.327283495911494,0.03750605832296254,0.00360628765531046,0.4813491633422009,0.5231663325023252
100,invasive,Road density,0.08142021550565313,4.141205912018429,0.04185134488333433,0.01112811928492277,0.1103810134177273,0.19311742830474432
100,invasive,Disturbance frequency,1.2896316253678608,4.478105792161226,0.0343317514149342,0.00423280159414593,0.1103810134177273,0.19311742830474432
100,invasive,Disturbance severity,9.61203617287949,7.820401467799118,0.00516597191636263,0.0264887778829978,0.1103810134177273,0.19311742830474432
100,neophyte,Climate PC,-0.5442803320024193,5.800016326865188,0.01602602573432446,0.08586627487101176,0.1714403369841137,0.19370526874450825
100,neophyte,Soil pH,-0.47899239128371934,7.765705165661356,0.00532475047586891,0.02304608017492662,0.1714403369841137,0.19370526874450825
100,neophyte,Heat index,-0.01967070289223577,0.00148818060940305,0.9692276846185982,9.314954123462568e-4,0.1714403369841137,0.19370526874450825
100,neophyte,Microrelief,0.03259235039491561,3.7290426792001647,0.05347403351568981,1.253511837871145e-4,0.1714403369841137,0.19370526874450825
100,neophyte,Gravel & stone cover,0.9099970337775388,1.658325917809434,0.1978295067251426,0.00677566021988427,0.1714403369841137,0.19370526874450825
100,neophyte,Herb cover,-0.442663132537528,0.8892978879554924,0.3456676445265209,0.0211313968936648,0.1714403369841137,0.19370526874450825
100,neophyte,Litter cover,0.4178611615010572,0.7609818631314845,0.383021425679464,6.931616574969392e-5,0.1714403369841137,0.19370526874450825
100,neophyte,Grazing,0.21186998897144663,1.7259020647618837,0.18893508894253697,9.373782276058308e-4,0.1714403369841137,0.19370526874450825
100,neophyte,Mowing,0.3445273462572467,0.5101597150899058,0.4750697248192663,0.00535327343303932,0.1714403369841137,0.19370526874450825
100,neophyte,Abandonment,-0.17840426330813638,0.2633223939474305,0.6078467585249232,8.693009528250917e-5,0.1714403369841137,0.19370526874450825
100,neophyte,Croplands cover (250 m),0.25467835714955234,3.437483115671241,0.06373271250775099,0.03616965844401539,0.16342669022237055,0.20324544315777004
100,neophyte,Urban built-up (250 m),0.28232098942672396,5.629891556492571,0.01765672374334927,0.005314241246464,0.16342669022237055,0.20324544315777004
100,neophyte,Croplands cover (500 m),0.30615748662385533,4.419233041337078,0.03553600554223558,0.03460788696614386,0.1714403369841137,0.19370526874450825
100,neophyte,Urban built-up (500 m),0.3642921453517424,10.72561426833164,0.00105662586436723,0.00626663399789341,0.1714403369841137,0.19370526874450825
100,neophyte,Croplands cover (1000 m),0.17673462650512728,1.2738473062178166,0.25904616679687664,0.02027672241384939,0.15583525311801952,0.20200065677115697
100,neophyte,Urban built-up (1000 m),0.2502095547264652,5.270437617078089,0.02169055914242711,0.00624487070536165,0.15583525311801952,0.20200065677115697
100,neophyte,Road density,0.09679380576866904,5.829000966239091,0.0157640733283309,0.01819200418656947,0.04509536053694815,0.10311782062211051
100,neophyte,Disturbance frequency,0.7204850675619757,1.4026755759839764,0.23627610526601023,6.900663468830575e-4,0.04509536053694815,0.10311782062211051
100,neophyte,Disturbance severity,4.269557558788879,1.4018620522388128,0.23641205108939525,0.00252342479194091,0.04509536053694815,0.10311782062211051
